{
  "current": {
    "heading_color": "#666666",
    "text_color": "#000000",
    "accent_color": "#AD141F",
    "link_color": "#AD141F",
    "border_color": "#ffffff",
    "background": "#ffffff",
    "secondary_background": "#ffffff",
    "error_color": "#cf0e0e",
    "success_color": "#1c7b36",
    "primary_button_background": "#000000",
    "primary_button_text_color": "#ffffff",
    "secondary_button_background": "#222021",
    "secondary_button_text_color": "#ffffff",
    "header_background": "#ffffff",
    "header_text_color": "#000000",
    "header_light_text_color": "#666666",
    "header_accent_color": "#ad141f",
    "footer_background_color": "#eeeeee",
    "footer_heading_text_color": "#666666",
    "footer_body_text_color": "#000000",
    "footer_accent_color": "#ad141f",
    "product_on_sale_accent": "#AD141F",
    "product_in_stock_color": "#1c7b36",
    "product_low_stock_color": "#cf0e0e",
    "product_sold_out_color": "#8a9297",
    "product_label_1_background": "#3f6ab1",
    "product_label_2_background": "#8a44ae",
    "product_star_color": "#ffbd00",
    "base_text_font_size": 16,
    "heading_font": "montserrat_n7",
    "text_font": "montserrat_n4",
    "underline_links": true,
    "animation_image_zoom": true,
    "search_mode": "product,article",
    "show_vendor": true,
    "show_secondary_image": true,
    "show_reviews_badge": false,
    "show_discount": true,
    "discount_mode": "percentage",
    "product_price_position": "before_title",
    "product_image_size": "square",
    "show_color_swatch": false,
    "show_inventory_quantity": false,
    "low_inventory_threshold": 2,
    "cart_type": "drawer",
    "cart_empty_button_link": "shopify:\/\/collections\/all",
    "cart_show_checkout_button": true,
    "cart_show_free_shipping_threshold": false,
    "cart_free_shipping_threshold": "50",
    "social_facebook": "https:\/\/www.facebook.com\/centurymedia",
    "social_twitter": "",
    "social_pinterest": "",
    "social_instagram": "https:\/\/www.instagram.com\/centurymediarecords\/",
    "social_vimeo": "",
    "social_tumblr": "",
    "social_youtube": "https:\/\/www.youtube.com\/channel\/UCnK9PxMozTYs8ELOvgMNKFA",
    "social_linkedin": "",
    "social_snapchat": "",
    "social_fancy": "",
    "favicon": "shopify:\/\/shop_images\/cm_logo.png",
    "checkout_logo_image": "shopify:\/\/shop_images\/cm_logo.png",
    "checkout_logo_position": "left",
    "checkout_logo_size": "large",
    "checkout_body_background_image": "",
    "checkout_body_background_color": "#ffffff",
    "checkout_input_background_color_mode": "white",
    "checkout_sidebar_background_image": "",
    "checkout_sidebar_background_color": "#f5f5f5",
    "checkout_heading_font": "-apple-system, BlinkMacSystemFont, 'Segoe UI', Roboto, Helvetica, Arial, sans-serif, 'Apple Color Emoji', 'Segoe UI Emoji', 'Segoe UI Symbol'",
    "checkout_body_font": "-apple-system, BlinkMacSystemFont, 'Segoe UI', Roboto, Helvetica, Arial, sans-serif, 'Apple Color Emoji', 'Segoe UI Emoji', 'Segoe UI Symbol'",
    "checkout_accent_color": "#ad141f",
    "checkout_button_color": "#000000",
    "checkout_error_color": "#ff0000",
    "share_image": "",
    "sections": {
      "header": {
        "type": "header",
        "blocks": {
          "dedfb528-27d0-4274-9e5b-c7cdb69f9cdd": {
            "type": "mega_menu",
            "disabled": true,
            "settings": {
              "menu_item": "Account",
              "image_1_heading": "Your image",
              "image_1_text": "Tell your story",
              "image_1_link": "",
              "image_2_heading": "Your image",
              "image_2_text": "Tell your story",
              "image_2_link": ""
            }
          },
          "41da7530-7f1e-4cc8-b331-50f3bcf6fa07": {
            "type": "mega_menu",
            "disabled": true,
            "settings": {
              "menu_item": "",
              "image_1_heading": "Your image",
              "image_1_text": "Tell your story",
              "image_1_link": "",
              "image_2_heading": "Your image",
              "image_2_text": "Tell your story",
              "image_2_link": ""
            }
          }
        },
        "block_order": [
          "dedfb528-27d0-4274-9e5b-c7cdb69f9cdd",
          "41da7530-7f1e-4cc8-b331-50f3bcf6fa07"
        ],
        "settings": {
          "enable_sticky_header": true,
          "logo": "shopify:\/\/shop_images\/cm_logo.png",
          "logo_max_width": 90,
          "mobile_logo_max_width": 50,
          "show_locale_selector": true,
          "show_currency_selector": true,
          "navigation_menu": "main-menu",
          "navigation_mobile_menu": "main-menu",
          "desktop_navigation_layout": "inline",
          "desktop_navigation_open_trigger": "hover",
          "show_navigation_social_media": true,
          "navigation_phone_number": "",
          "navigation_email": "shop@cmdistro.de",
          "show_condensed_search": true,
          "show_search_filter": false,
          "search_menu": "",
          "show_search_menu_title": true
        }
      },
      "footer": {
        "type": "footer",
        "blocks": {
          "e54d6367-cb65-4131-84f4-349fc305b78c": {
            "type": "text",
            "settings": {
              "title": "",
              "content": "<p><a href=\"https:\/\/cmdistro-eu.myshopify.com\/account\" title=\"https:\/\/cmdistro-eu.myshopify.com\/account\">My account<\/a><\/p>"
            }
          },
          "b1ff6c53-266c-47e1-8025-b1a6d9ba73b2": {
            "type": "text",
            "settings": {
              "title": "",
              "content": "<p><a href=\"\/pages\/terms-and-service\" title=\"Terms and service\">Terms and Service<\/a><\/p><p><a href=\"\/pages\/privacy-statement\" title=\"Privacy statement\">Privacy Statement<\/a><\/p><p><a href=\"\/pages\/return-policy\" title=\"Return policy\">Return Policy<\/a><\/p>"
            }
          },
          "footer-0": {
            "type": "text",
            "settings": {
              "title": "",
              "content": "<p><a href=\"\/pages\/imprint\" title=\"Imprint\">Imprint<\/a><\/p><p><a href=\"\/pages\/payment-and-shipping\" title=\"Payment and shipping\">Payment and Shipping<\/a><\/p>"
            }
          },
          "90870819-c265-4cc2-94b0-5e40ad2810f7": {
            "type": "text",
            "settings": {
              "title": "",
              "content": "<p><a href=\"\/pages\/faqs\" title=\"FAQs\">FAQs<\/a><\/p>"
            }
          },
          "footer-1": {
            "type": "links",
            "disabled": true,
            "settings": {
              "menu": "footer"
            }
          },
          "footer-2": {
            "type": "newsletter",
            "disabled": true,
            "settings": {
              "title": "Newsletter",
              "subheading": "<p>A short sentence describing what someone will receive by subscribing<\/p>"
            }
          },
          "4a5f8bdc-021f-47d6-9dc9-422f54d43095": {
            "type": "links",
            "disabled": true,
            "settings": {
              "menu": ""
            }
          }
        },
        "block_order": [
          "e54d6367-cb65-4131-84f4-349fc305b78c",
          "b1ff6c53-266c-47e1-8025-b1a6d9ba73b2",
          "footer-0",
          "90870819-c265-4cc2-94b0-5e40ad2810f7",
          "footer-1",
          "footer-2",
          "4a5f8bdc-021f-47d6-9dc9-422f54d43095"
        ],
        "settings": {
          "show_social_media": true,
          "show_payment_icons": true,
          "show_locale_selector": true,
          "show_currency_selector": true,
          "show_cookie_bar": false,
          "text": "<p>By clicking “Accept”, you agree to the storing of cookies on your device to enhance site navigation.<\/p>",
          "accept_button": "Accept"
        }
      },
      "announcement-bar": {
        "type": "announcement-bar",
        "settings": {
          "show_announcement": false,
          "background": "#ffffff",
          "text_color": "#000000",
          "text": "Announce something here",
          "text_position": "left",
          "link": "",
          "show_newsletter": true,
          "newsletter_button": "Subscribe & Save",
          "newsletter_title": "Newsletter",
          "newsletter_content": "<p>A short sentence describing what someone will receive by subscribing<\/p>"
        }
      },
      "popups": {
        "type": "popups",
        "settings": {
        }
      },
      "static-text-with-icons": {
        "type": "static-text-with-icons",
        "blocks": {
          "static-text-with-icons-0": {
            "type": "item",
            "disabled": true,
            "settings": {
              "icon": "bi-shop",
              "title": "Free delivery worldwide",
              "content": "<p>Short content about your store<\/p>"
            }
          },
          "static-text-with-icons-1": {
            "type": "item",
            "disabled": true,
            "settings": {
              "icon": "bi-returns",
              "title": "Satisfied or refunded",
              "content": "<p>Short content about your store<\/p>"
            }
          },
          "static-text-with-icons-2": {
            "type": "item",
            "disabled": true,
            "settings": {
              "icon": "bi-customer-support",
              "title": "Top-notch support",
              "content": "<p>Short content about your store<\/p>"
            }
          },
          "static-text-with-icons-3": {
            "type": "item",
            "disabled": true,
            "settings": {
              "icon": "bi-secure-payment",
              "title": "Secure payments",
              "content": "<p>Short content about your store<\/p>"
            }
          }
        },
        "block_order": [
          "static-text-with-icons-0",
          "static-text-with-icons-1",
          "static-text-with-icons-2",
          "static-text-with-icons-3"
        ],
        "settings": {
          "show_section": true,
          "stack_mobile": false
        }
      }
    },
    "content_for_index": [

    ]
  }
}
