{
  "sections": {
    "main": {
      "type": "main-cart",
      "blocks": {
        "d56b3ed7-7664-48f9-8ffd-2ff115c48bc9": {
          "type": "trust",
          "settings": {
            "icon": "bi-alert",
            "title": "About P.O. Boxes and Packing Stations",
            "content": "<p><strong>We do not <\/strong>deliver to <em>P.O. Boxes<\/em> and <em>packing stations<\/em> per default. Please let us know via <a href=\"mailto:%20shop@cmdistro.de\">Email <\/a>\/<a href=\"https:\/\/www.cmdistro.de\/pages\/contact\" title=\"Contact Form\">Contact Form<\/a> in case you prefer such a delivery.<\/p>"
          }
        }
      },
      "block_order": [
        "d56b3ed7-7664-48f9-8ffd-2ff115c48bc9"
      ],
      "settings": {
        "enable_order_notes": true,
        "show_payment_icons": true,
        "gift_wrap_product": "",
        "gift_wrap_text": "Do you want a gift wrap?",
        "gift_wrap_button": "Add a gift wrap",
        "show_shipping_estimator": true,
        "shipping_estimator_default_country": "United States",
        "trust_heading": "Our guarantees",
        "upsell_heading": "Complete your cart",
        "upsell_collection": "",
        "upsell_products_count": 4
      }
    },
    "recently-viewed-products": {
      "type": "recently-viewed-products",
      "settings": {
        "title": "Recently viewed",
        "show_quick_buy": false
      }
    }
  },
  "order": [
    "main",
    "recently-viewed-products"
  ]
}
