{
  "sections": {
    "main": {
      "type": "main-collection",
      "settings": {
        "show_collection_image": true,
        "collapse_collection_description": false,
        "collection_image_size": "small",
        "products_per_row": "4",
        "default_products_per_page": 24,
        "default_view_layout": "grid",
        "show_quick_buy": "list",
        "show_quick_view": "list",
        "quick_links": "",
        "quick_links_show_products_count": true,
        "show_filters": true,
        "show_filter_color_swatch": true,
        "open_group_filters_mode": "all_closed"
      }
    },
    "recently-viewed-products": {
      "type": "recently-viewed-products",
      "settings": {
        "title": "Recently viewed",
        "show_quick_buy": false
      }
    }
  },
  "order": [
    "main",
    "recently-viewed-products"
  ]
}
