{
  "sections": {
    "46338822-9410-46bb-b9ee-de365b10d376": {
      "type": "slideshow",
      "blocks": {
        "template--14815569707067__46338822-9410-46bb-b9ee-de365b10d376-image-1": {
          "type": "image",
          "settings": {
            "image": "shopify:\/\/shop_images\/Electric_Reissues_1123_2160-720_e5b3fc4c-37c1-4656-b275-accdb47c0d49.jpg",
            "mobile_image": "shopify:\/\/shop_images\/Electric_Reissues_1123_750-1100.jpg",
            "show_overlay": false,
            "overlay_opacity": 30,
            "text_color": "#ffffff",
            "title": "",
            "content": "",
            "content_position": "middle_center",
            "button_background": "#ffffff",
            "button_text_color": "#000000",
            "button_text": "",
            "link": ""
          }
        },
        "template--14815569707067__46338822-9410-46bb-b9ee-de365b10d376-image-2": {
          "type": "image",
          "disabled": true,
          "settings": {
            "show_overlay": false,
            "overlay_opacity": 30,
            "text_color": "#ffffff",
            "title": "Slide title",
            "content": "Tell your story",
            "content_position": "middle_center",
            "button_background": "#ffffff",
            "button_text_color": "#000000",
            "button_text": "Button",
            "link": ""
          }
        }
      },
      "block_order": [
        "template--14815569707067__46338822-9410-46bb-b9ee-de365b10d376-image-1",
        "template--14815569707067__46338822-9410-46bb-b9ee-de365b10d376-image-2"
      ],
      "settings": {
        "edge_to_edge": false,
        "section_size": "small",
        "carousel_effect": "slide",
        "autoplay": true,
        "cycle_speed": 5
      }
    },
    "main": {
      "type": "main-collection",
      "settings": {
        "show_collection_image": false,
        "collapse_collection_description": false,
        "collection_image_size": "preserve_ratio",
        "products_per_row": "4",
        "default_products_per_page": 24,
        "default_view_layout": "list",
        "show_quick_buy": "list",
        "show_quick_view": "list",
        "quick_links": "",
        "quick_links_show_products_count": true,
        "show_filters": false,
        "show_filter_color_swatch": false,
        "open_group_filters_mode": "all_closed"
      }
    },
    "recently-viewed-products": {
      "type": "recently-viewed-products",
      "disabled": true,
      "settings": {
        "title": "Recently viewed",
        "show_quick_buy": false
      }
    }
  },
  "order": [
    "46338822-9410-46bb-b9ee-de365b10d376",
    "main",
    "recently-viewed-products"
  ]
}
