{
  "sections": {
    "b27a382d-a650-493b-8aca-b5cffead0b79": {
      "type": "collection-with-image",
      "settings": {
        "collection": "来世は偉人",
        "products_count": 12,
        "show_quick_buy": false,
        "image": "shopify:\/\/shop_images\/HANABIE_RebornSuperstar.jpg",
        "background": "#efd1e2",
        "text_color": "#ffffff",
        "title": "",
        "content": "",
        "button_background": "#ffffff",
        "button_text_color": "#ffffff",
        "button_text": "",
        "button_link": ""
      }
    },
    "main": {
      "type": "main-collection",
      "disabled": true,
      "settings": {
        "show_collection_image": true,
        "collapse_collection_description": false,
        "collection_image_size": "preserve_ratio",
        "products_per_row": "4",
        "default_products_per_page": 24,
        "default_view_layout": "list",
        "show_quick_buy": "list",
        "show_quick_view": "list",
        "quick_links": "",
        "quick_links_show_products_count": true,
        "show_filters": false,
        "show_filter_color_swatch": false,
        "open_group_filters_mode": "all_closed"
      }
    },
    "recently-viewed-products": {
      "type": "recently-viewed-products",
      "disabled": true,
      "settings": {
        "title": "Recently viewed",
        "show_quick_buy": false
      }
    },
    "01364675-9be8-4e5b-bf9b-6a58070b5702": {
      "type": "featured-product",
      "disabled": true,
      "blocks": {
        "template--19323905311046__01364675-9be8-4e5b-bf9b-6a58070b5702-product_meta-1": {
          "type": "product_meta",
          "settings": {
            "show_vendor": true,
            "show_sku": false,
            "show_reviews_badge": false,
            "show_share_buttons": true
          }
        },
        "template--19323905311046__01364675-9be8-4e5b-bf9b-6a58070b5702-featured_description-1": {
          "type": "featured_description",
          "settings": {
          }
        },
        "template--19323905311046__01364675-9be8-4e5b-bf9b-6a58070b5702-variant_selector-1": {
          "type": "variant_selector",
          "settings": {
            "selector_mode": "block",
            "color_mode": "color",
            "show_quantity_selector": true,
            "show_taxes_included": false,
            "show_inventory_quantity": false,
            "low_inventory_threshold": 0
          }
        },
        "template--19323905311046__01364675-9be8-4e5b-bf9b-6a58070b5702-buy_buttons-1": {
          "type": "buy_buttons",
          "settings": {
            "show_payment_button": true
          }
        }
      },
      "block_order": [
        "template--19323905311046__01364675-9be8-4e5b-bf9b-6a58070b5702-product_meta-1",
        "template--19323905311046__01364675-9be8-4e5b-bf9b-6a58070b5702-featured_description-1",
        "template--19323905311046__01364675-9be8-4e5b-bf9b-6a58070b5702-variant_selector-1",
        "template--19323905311046__01364675-9be8-4e5b-bf9b-6a58070b5702-buy_buttons-1"
      ],
      "settings": {
        "product": "",
        "title": "Featured product",
        "link_title": "View details",
        "link_url": "",
        "image_size": "small",
        "enable_image_zoom": true,
        "enable_video_looping": false,
        "zoom_effect": "outside",
        "carousel_effect": "fade"
      }
    }
  },
  "order": [
    "b27a382d-a650-493b-8aca-b5cffead0b79",
    "main",
    "recently-viewed-products",
    "01364675-9be8-4e5b-bf9b-6a58070b5702"
  ]
}
