{
  "sections": {
    "fc6b99b4-7b3b-4cac-b837-93c99192edda": {
      "type": "rich-text",
      "disabled": true,
      "settings": {
        "text_width": "wide",
        "title": "Happy Holidays!",
        "content": "<p>We are going on <strong>Christmas break <\/strong><em><strong>until January 02<\/strong><\/em>. You can still order as usual, but there will be delays in your shipment.<br\/><em><strong>We would like to thank you for a fantastic 2022, wish you happy holidays and a good start for 2023!<\/strong><\/em><\/p>",
        "button_text": "Our products",
        "button_link": "shopify:\/\/collections\/all"
      }
    },
    "slideshow": {
      "type": "slideshow",
      "blocks": {
        "53b9c7e0-144a-4ddc-b033-4c630004361b": {
          "type": "image",
          "settings": {
            "image": "shopify:\/\/shop_images\/Necrophobic_Twilight_1223_2160-720.jpg",
            "mobile_image": "shopify:\/\/shop_images\/Necrophobic_Twilight_1223_750-1100.jpg",
            "show_overlay": false,
            "overlay_opacity": 30,
            "text_color": "#ffffff",
            "title": "",
            "content": "",
            "content_position": "middle_center",
            "button_background": "#ffffff",
            "button_text_color": "#000000",
            "button_text": "",
            "link": "https:\/\/www.cmdistro.de\/collections\/vendors?q=Necrophobic&sort_by=created-descending"
          }
        },
        "cdcd9735-7116-48c9-9af6-0830d10c76c3": {
          "type": "image",
          "settings": {
            "image": "shopify:\/\/shop_images\/SkeletalRemains_Fragments_1223_2160-720.jpg",
            "mobile_image": "shopify:\/\/shop_images\/SkeletalRemains_Fragments_1223_750-1100.jpg",
            "show_overlay": false,
            "overlay_opacity": 0,
            "text_color": "#ffffff",
            "title": "",
            "content": "",
            "content_position": "middle_center",
            "button_background": "#ffffff",
            "button_text_color": "#000000",
            "button_text": "",
            "link": "https:\/\/www.cmdistro.de\/collections\/vendors?q=Skeletal+Remains&sort_by=created-descending"
          }
        },
        "b8603db9-3ad2-4a29-840b-ec172b338979": {
          "type": "image",
          "settings": {
            "image": "shopify:\/\/shop_images\/BlindChannel_ExitEmotions_1123_2160-720.jpg",
            "mobile_image": "shopify:\/\/shop_images\/BlindChannel_ExitEmotions_1123_750-1100.jpg",
            "show_overlay": false,
            "overlay_opacity": 30,
            "text_color": "#ffffff",
            "title": "",
            "content": "",
            "content_position": "middle_center",
            "button_background": "#ffffff",
            "button_text_color": "#000000",
            "button_text": "",
            "link": "https:\/\/www.cmdistro.de\/collections\/vendors?q=Blind+Channel&sort_by=created-descending"
          }
        },
        "d0931cc7-13f4-48e3-90f1-c06106a24ca4": {
          "type": "image",
          "settings": {
            "image": "shopify:\/\/shop_images\/Slope_FreakDreams_1123_2160-720.jpg",
            "mobile_image": "shopify:\/\/shop_images\/Slope_FreakDreams_1123_750-1100.jpg",
            "show_overlay": false,
            "overlay_opacity": 30,
            "text_color": "#ffffff",
            "title": "",
            "content": "",
            "content_position": "middle_center",
            "button_background": "#ffffff",
            "button_text_color": "#000000",
            "button_text": "",
            "link": "https:\/\/www.cmdistro.de\/collections\/vendors?q=Slope"
          }
        },
        "21f7fab0-55c6-4e14-8951-954c12bf5edf": {
          "type": "image",
          "settings": {
            "image": "shopify:\/\/shop_images\/BloodIncantation_History_1123_2160-720.jpg",
            "mobile_image": "shopify:\/\/shop_images\/BloodIncantation_History_1123_750-1100.jpg",
            "show_overlay": false,
            "overlay_opacity": 30,
            "text_color": "#ffffff",
            "title": "",
            "content": "",
            "content_position": "middle_center",
            "button_background": "#ffffff",
            "button_text_color": "#000000",
            "button_text": "",
            "link": "https:\/\/www.cmdistro.de\/collections\/vendors?q=Blood+Incantation&sort_by=created-descending"
          }
        },
        "40cca8b5-2dd7-460e-9970-7990da522647": {
          "type": "image",
          "settings": {
            "image": "shopify:\/\/shop_images\/Ulver_2LPs_1123_2160-720_ceff0a00-9846-4b15-95cb-286f0e27ed83.jpg",
            "mobile_image": "shopify:\/\/shop_images\/Ulver_2LPs_1123_750-1100_32ba091f-da4c-483f-ade2-07e68bff50c4.jpg",
            "show_overlay": true,
            "overlay_opacity": 0,
            "text_color": "#ffffff",
            "title": "",
            "content": "",
            "content_position": "bottom_right",
            "button_background": "#eeeeee",
            "button_text_color": "#000000",
            "button_text": "",
            "link": "https:\/\/www.cmdistro.de\/collections\/vendors?q=Ulver&sort_by=created-descending"
          }
        },
        "a06fcaab-8821-404c-b2b0-85eae77c9cc0": {
          "type": "image",
          "settings": {
            "image": "shopify:\/\/shop_images\/Electric_Reissues_1123_2160-720_d34bba6a-76c2-4ea7-9492-4fd2b1049f3a.jpg",
            "mobile_image": "shopify:\/\/shop_images\/Electric_Reissues_1123_750-1100_c6c515e6-873a-4958-bc8f-27eb2f1810b1.jpg",
            "show_overlay": false,
            "overlay_opacity": 30,
            "text_color": "#ffffff",
            "title": "",
            "content": "",
            "content_position": "middle_center",
            "button_background": "#ffffff",
            "button_text_color": "#000000",
            "button_text": "",
            "link": "https:\/\/www.cmdistro.de\/collections\/vendors?q=Electric+Callboy&sort_by=created-descending"
          }
        },
        "44c1cb52-1554-4ae2-85b0-35be190a27f5": {
          "type": "image",
          "settings": {
            "image": "shopify:\/\/shop_images\/UponStone_DeadMother_1123_2160-720.jpg",
            "mobile_image": "shopify:\/\/shop_images\/UponStone_DeadMother_1123_750-1100.jpg",
            "show_overlay": false,
            "overlay_opacity": 30,
            "text_color": "#ffffff",
            "title": "",
            "content": "",
            "content_position": "middle_center",
            "button_background": "#ffffff",
            "button_text_color": "#000000",
            "button_text": "",
            "link": "https:\/\/www.cmdistro.de\/collections\/vendors?q=Upon%20Stone"
          }
        },
        "fa72022a-5531-4d98-aecd-63c755ef3868": {
          "type": "image",
          "settings": {
            "image": "shopify:\/\/shop_images\/Vitriol_Suffer_1123_2160-720.jpg",
            "mobile_image": "shopify:\/\/shop_images\/Vitriol_Suffer_1123_750-1100.jpg",
            "show_overlay": false,
            "overlay_opacity": 30,
            "text_color": "#ffffff",
            "title": "",
            "content": "",
            "content_position": "middle_center",
            "button_background": "#ffffff",
            "button_text_color": "#000000",
            "button_text": "",
            "link": "https:\/\/www.cmdistro.de\/collections\/vendors?q=Vitriol&sort_by=created-descending"
          }
        },
        "e8d2dd42-4a9f-4468-ba07-99fbbc568e91": {
          "type": "image",
          "settings": {
            "image": "shopify:\/\/shop_images\/OrphanedLand_AHeaven_1023_2160-720.jpg",
            "mobile_image": "shopify:\/\/shop_images\/OrphanedLand_AHeaven_1023_750-1100.jpg",
            "show_overlay": false,
            "overlay_opacity": 30,
            "text_color": "#ffffff",
            "title": "",
            "content": "",
            "content_position": "middle_center",
            "button_background": "#ffffff",
            "button_text_color": "#000000",
            "button_text": "",
            "link": "https:\/\/www.cmdistro.de\/collections\/all?sort_by=created-descending&filter.v.price.gte=&filter.v.price.lte=&filter.p.vendor=Orphaned+Land"
          }
        },
        "35cbec7e-8435-4f3d-8c43-c341ea5fcae0": {
          "type": "image",
          "disabled": true,
          "settings": {
            "image": "shopify:\/\/shop_images\/LornaShore_PainRemains_0923_2160-720.jpg",
            "mobile_image": "shopify:\/\/shop_images\/LornaShore_PainRemains_0923_750-1100.jpg",
            "show_overlay": false,
            "overlay_opacity": 30,
            "text_color": "#ffffff",
            "title": "",
            "content": "",
            "content_position": "middle_center",
            "button_background": "#ffffff",
            "button_text_color": "#000000",
            "button_text": "",
            "link": "https:\/\/www.cmdistro.de\/collections\/vendors?q=Lorna+Shore&sort_by=created-descending"
          }
        }
      },
      "block_order": [
        "53b9c7e0-144a-4ddc-b033-4c630004361b",
        "cdcd9735-7116-48c9-9af6-0830d10c76c3",
        "b8603db9-3ad2-4a29-840b-ec172b338979",
        "d0931cc7-13f4-48e3-90f1-c06106a24ca4",
        "21f7fab0-55c6-4e14-8951-954c12bf5edf",
        "40cca8b5-2dd7-460e-9970-7990da522647",
        "a06fcaab-8821-404c-b2b0-85eae77c9cc0",
        "44c1cb52-1554-4ae2-85b0-35be190a27f5",
        "fa72022a-5531-4d98-aecd-63c755ef3868",
        "e8d2dd42-4a9f-4468-ba07-99fbbc568e91",
        "35cbec7e-8435-4f3d-8c43-c341ea5fcae0"
      ],
      "settings": {
        "edge_to_edge": false,
        "section_size": "small",
        "carousel_effect": "slide",
        "autoplay": true,
        "cycle_speed": 5
      }
    },
    "f2af40f5-1458-4998-a36a-9e89ab416c98": {
      "type": "slideshow",
      "blocks": {
        "39fe2dee-feab-4b48-903c-313b95285f5f": {
          "type": "image",
          "settings": {
            "image": "shopify:\/\/shop_images\/PredatoryVoid_skttdob_0223_2160-720.jpg",
            "mobile_image": "shopify:\/\/shop_images\/PredatoryVoid_skttdob_0223_750-1100.jpg",
            "show_overlay": false,
            "overlay_opacity": 30,
            "text_color": "#ffffff",
            "title": "",
            "content": "",
            "content_position": "middle_center",
            "button_background": "#ffffff",
            "button_text_color": "#000000",
            "button_text": "",
            "link": "https:\/\/www.cmdistro.de\/collections\/vendors?q=Predatory+Void&sort_by=created-descending"
          }
        },
        "f0c5d954-df7f-40a4-be06-7f1efd1030c6": {
          "type": "image",
          "settings": {
            "image": "shopify:\/\/shop_images\/FrozenSoul_GlacialDomination_0223_2160-720.jpg",
            "mobile_image": "shopify:\/\/shop_images\/FrozenSoul_GlacialDomination_0223_750-1100.jpg",
            "show_overlay": false,
            "overlay_opacity": 30,
            "text_color": "#ffffff",
            "title": "",
            "content": "",
            "content_position": "middle_center",
            "button_background": "#ffffff",
            "button_text_color": "#000000",
            "button_text": "",
            "link": "https:\/\/www.cmdistro.de\/collections\/vendors?q=Frozen+Soul&sort_by=created-descending"
          }
        },
        "af3eccb3-4de0-4991-84c5-572899d848d3": {
          "type": "image",
          "settings": {
            "image": "shopify:\/\/shop_images\/Enforced_WarRemains_0123_2160-720.jpg",
            "mobile_image": "shopify:\/\/shop_images\/Enforced_WarRemains_0123_750-1100.jpg",
            "show_overlay": false,
            "overlay_opacity": 30,
            "text_color": "#ffffff",
            "title": "",
            "content": "",
            "content_position": "middle_center",
            "button_background": "#ffffff",
            "button_text_color": "#000000",
            "button_text": "",
            "link": "https:\/\/www.cmdistro.de\/collections\/vendors?q=Enforced&sort_by=created-descending"
          }
        },
        "375803c1-4661-4dea-8e5b-a63692d1a591": {
          "type": "image",
          "settings": {
            "image": "shopify:\/\/shop_images\/Tribulation_HamartiaEP_0123_2160-720.jpg",
            "mobile_image": "shopify:\/\/shop_images\/Tribulation_HamartiaEP_0123_750-1100.jpg",
            "show_overlay": false,
            "overlay_opacity": 30,
            "text_color": "#ffffff",
            "title": "",
            "content": "",
            "content_position": "middle_center",
            "button_background": "#ffffff",
            "button_text_color": "#000000",
            "button_text": "",
            "link": "https:\/\/www.cmdistro.de\/collections\/vendors?q=Tribulation&sort_by=created-descending"
          }
        },
        "3c50ac95-4590-4504-bc51-2967a179fc2d": {
          "type": "image",
          "settings": {
            "image": "shopify:\/\/shop_images\/Afflicted_ReReleases_0123_2160-720.jpg",
            "mobile_image": "shopify:\/\/shop_images\/Afflicted_ReReleases_0123_750-1100.jpg",
            "show_overlay": false,
            "overlay_opacity": 30,
            "text_color": "#ffffff",
            "title": "",
            "content": "",
            "content_position": "middle_center",
            "button_background": "#ffffff",
            "button_text_color": "#000000",
            "button_text": "",
            "link": "https:\/\/www.cmdistro.de\/collections\/vendors?q=Afflicted&sort_by=created-descending"
          }
        },
        "b195599c-9e32-4c33-92ad-cc28cf885e00": {
          "type": "image",
          "settings": {
            "image": "shopify:\/\/shop_images\/OvSulfur_TheBurdenOfFaith_0123_2160-720.jpg",
            "mobile_image": "shopify:\/\/shop_images\/OvSulfur_TheBurdenOfFaith_0123_750-1100.jpg",
            "show_overlay": false,
            "overlay_opacity": 30,
            "text_color": "#ffffff",
            "title": "",
            "content": "",
            "content_position": "middle_center",
            "button_background": "#ffffff",
            "button_text_color": "#000000",
            "button_text": "",
            "link": "https:\/\/www.cmdistro.de\/collections\/vendors?q=Ov+Sulfur&sort_by=created-descending"
          }
        },
        "f7e1891d-7163-47ba-8407-e840585330e0": {
          "type": "image",
          "settings": {
            "image": "shopify:\/\/shop_images\/ElectricCallboy_TEKKNO-Tour_0123_2160-720_76f5eb5b-0785-47b9-8783-77c1dbd010a0.jpg",
            "mobile_image": "shopify:\/\/shop_images\/ElectricCallboy_TEKKNO-Tour_0123_750-1100.jpg",
            "show_overlay": false,
            "overlay_opacity": 0,
            "text_color": "#ffffff",
            "title": "",
            "content": "",
            "content_position": "middle_center",
            "button_background": "#ffffff",
            "button_text_color": "#000000",
            "button_text": "",
            "link": "https:\/\/www.cmdistro.de\/collections\/vendors?q=Electric+Callboy&sort_by=created-descending"
          }
        },
        "18cb4516-ad85-427b-8354-794c411ac443": {
          "type": "image",
          "settings": {
            "image": "shopify:\/\/shop_images\/NightDemon_Outsider_0123_2160-720.jpg",
            "mobile_image": "shopify:\/\/shop_images\/NightDemon_Outsider_0123_750-1100.jpg",
            "show_overlay": false,
            "overlay_opacity": 30,
            "text_color": "#ffffff",
            "title": "",
            "content": "",
            "content_position": "middle_center",
            "button_background": "#ffffff",
            "button_text_color": "#000000",
            "button_text": "",
            "link": "https:\/\/www.cmdistro.de\/collections\/vendors?q=Night+Demon&sort_by=created-descending"
          }
        },
        "fd986305-e4cd-4562-b20b-a8270a633a23": {
          "type": "image",
          "settings": {
            "image": "shopify:\/\/shop_images\/JesusPiece_SoUnknown_0123_2160-720.jpg",
            "mobile_image": "shopify:\/\/shop_images\/JesusPiece_SoUnknown_0123_750-1100.jpg",
            "show_overlay": false,
            "overlay_opacity": 30,
            "text_color": "#ffffff",
            "title": "",
            "content": "",
            "content_position": "middle_center",
            "button_background": "#ffffff",
            "button_text_color": "#000000",
            "button_text": "",
            "link": "https:\/\/www.cmdistro.de\/collections\/vendors?q=Jesus+Piece&sort_by=created-descending"
          }
        },
        "69dd4e31-144d-42b8-8458-41ec6054d180": {
          "type": "image",
          "settings": {
            "image": "shopify:\/\/shop_images\/GravePleasures_Plagueboys_0123_2160-720.jpg",
            "mobile_image": "shopify:\/\/shop_images\/GravePleasures_Plagueboys_0123_750-1100.jpg",
            "show_overlay": false,
            "overlay_opacity": 0,
            "text_color": "#ffffff",
            "title": "",
            "content": "",
            "content_position": "middle_center",
            "button_background": "#ffffff",
            "button_text_color": "#000000",
            "button_text": "",
            "link": "https:\/\/www.cmdistro.de\/collections\/vendors?q=Grave+Pleasures&sort_by=created-descending"
          }
        },
        "737b51eb-d113-45c9-9be6-64085c3dca8b": {
          "type": "image",
          "settings": {
            "image": "shopify:\/\/shop_images\/SuicideSilence_Remember_1222_2160-720.jpg",
            "mobile_image": "shopify:\/\/shop_images\/SuicideSilence_Remember_1222_750-1100.jpg",
            "show_overlay": false,
            "overlay_opacity": 30,
            "text_color": "#ffffff",
            "title": "",
            "content": "",
            "content_position": "middle_center",
            "button_background": "#ffffff",
            "button_text_color": "#000000",
            "button_text": "",
            "link": "https:\/\/www.cmdistro.de\/collections\/vendors?q=Suicide+Silence&sort_by=created-descending"
          }
        },
        "19ca52cd-628a-42e5-b335-27a1be19dcba": {
          "type": "image",
          "settings": {
            "show_overlay": false,
            "overlay_opacity": 30,
            "text_color": "#ffffff",
            "title": "Slide title",
            "content": "Tell your story",
            "content_position": "middle_center",
            "button_background": "#ffffff",
            "button_text_color": "#000000",
            "button_text": "Button",
            "link": ""
          }
        }
      },
      "block_order": [
        "39fe2dee-feab-4b48-903c-313b95285f5f",
        "f0c5d954-df7f-40a4-be06-7f1efd1030c6",
        "af3eccb3-4de0-4991-84c5-572899d848d3",
        "375803c1-4661-4dea-8e5b-a63692d1a591",
        "3c50ac95-4590-4504-bc51-2967a179fc2d",
        "b195599c-9e32-4c33-92ad-cc28cf885e00",
        "f7e1891d-7163-47ba-8407-e840585330e0",
        "18cb4516-ad85-427b-8354-794c411ac443",
        "fd986305-e4cd-4562-b20b-a8270a633a23",
        "69dd4e31-144d-42b8-8458-41ec6054d180",
        "737b51eb-d113-45c9-9be6-64085c3dca8b",
        "19ca52cd-628a-42e5-b335-27a1be19dcba"
      ],
      "disabled": true,
      "settings": {
        "edge_to_edge": false,
        "section_size": "small",
        "carousel_effect": "slide",
        "autoplay": true,
        "cycle_speed": 5
      }
    },
    "featured-collection": {
      "type": "featured-collection",
      "settings": {
        "collection": "pre-order",
        "title": "Pre Order",
        "products_count": 16,
        "layout": "vertical",
        "stack_products": true,
        "show_quick_buy": true,
        "link_title": "View all",
        "link_url": ""
      }
    },
    "de2c2d84-f1ad-49e5-ad84-9ef840c1f747": {
      "type": "featured-collection",
      "settings": {
        "collection": "midprice-blowout",
        "title": "Midprice Blowout",
        "products_count": 12,
        "layout": "vertical",
        "stack_products": false,
        "show_quick_buy": false,
        "link_title": "View all",
        "link_url": ""
      }
    },
    "featured-products": {
      "type": "featured-collection",
      "settings": {
        "collection": "new-releases",
        "title": "New Releases",
        "products_count": 12,
        "layout": "vertical",
        "stack_products": true,
        "show_quick_buy": true,
        "link_title": "View all",
        "link_url": ""
      }
    },
    "collection-list": {
      "type": "collection-list",
      "blocks": {
        "e2509694-1013-453a-928f-4002f3bf1c94": {
          "type": "collection",
          "settings": {
            "collection": "five-from-the-hive-cd-bundles",
            "link": ""
          }
        },
        "70f01c09-f5e7-4e04-bb51-7e12261015c4": {
          "type": "collection",
          "settings": {
            "collection": "judas-priest-firepower-tour-edition",
            "image": "shopify:\/\/shop_images\/judas-priest-mock-up-tour-edition.jpg",
            "link": ""
          }
        }
      },
      "block_order": [
        "e2509694-1013-453a-928f-4002f3bf1c94",
        "70f01c09-f5e7-4e04-bb51-7e12261015c4"
      ],
      "settings": {
        "title": "Specials",
        "link_title": "View all",
        "link": "",
        "round_images": false,
        "show_collection_title": true
      }
    },
    "newsletter": {
      "type": "newsletter",
      "settings": {
        "title": "Newsletter",
        "content": "<p>Subscribe to our newsletter!<\/p>",
        "background": "#ffffff",
        "text": "#666666"
      }
    }
  },
  "order": [
    "fc6b99b4-7b3b-4cac-b837-93c99192edda",
    "slideshow",
    "f2af40f5-1458-4998-a36a-9e89ab416c98",
    "featured-collection",
    "de2c2d84-f1ad-49e5-ad84-9ef840c1f747",
    "featured-products",
    "collection-list",
    "newsletter"
  ]
}
