{
  "sections": {
    "main": {
      "type": "main-collections-list",
      "settings": {
        "collections_to_show": "all",
        "collection_linklist": "",
        "show_collection_title": true,
        "show_collection_overlay": true,
        "collection_overlay_opacity": 20
      }
    },
    "1641810644d89233bb": {
      "type": "featured-collection",
      "settings": {
        "collection": "",
        "title": "Featured collection",
        "products_count": 12,
        "layout": "vertical",
        "stack_products": false,
        "show_quick_buy": false,
        "link_title": "View all",
        "link_url": ""
      }
    }
  },
  "order": [
    "main",
    "1641810644d89233bb"
  ]
}
