{
  "layout": false,
  "sections": {
    "main": {
      "type": "main-product",
      "blocks": {
        "product_meta": {
          "type": "product_meta",
          "settings": {
          }
        },
        "variant_selector": {
          "type": "variant_selector",
          "settings": {
          }
        },
        "buy_buttons": {
          "type": "buy_buttons",
          "settings": {
          }
        }
      },
      "block_order": [
        "product_meta",
        "variant_selector",
        "buy_buttons"
      ],
      "settings": {
      }
    }
  },
  "order": [
    "main"
  ]
}