{
  "sections": {
    "main": {
      "type": "main-product",
      "blocks": {
        "product_meta": {
          "type": "product_meta",
          "settings": {
          }
        },
        "variant_selector": {
          "type": "variant_selector",
          "settings": {
          }
        },
        "buy_buttons": {
          "type": "buy_buttons",
          "settings": {
          }
        },
        "description": {
          "type": "description",
          "settings": {
          }
        }
      },
      "block_order": [
        "product_meta",
        "variant_selector",
        "buy_buttons",
        "description"
      ],
      "settings": {
      }
    },
    "product-recommendations": {
      "type": "product-recommendations",
      "settings": {
      }
    },
    "recently-viewed-products": {
      "type": "recently-viewed-products",
      "settings": {
      }
    }
  },
  "order": [
    "main",
    "product-recommendations",
    "recently-viewed-products"
  ]
}